Problem ID,Difficulty Level
0,Easy
1,Easy
2,Easy
3,Easy
4,Medium
5,Easy
6,Easy
7,Easy
8,Easy
9,Easy
10,Medium
11,Easy
12,Medium
13,Easy
14,Easy
15,Medium
16,Easy
17,Medium
18,Easy
19,Medium
20,Easy
21,Medium
22,Easy
23,Easy
24,Medium
25,Easy
26,Medium
27,Easy
28,Medium
29,Easy
30,Easy
31,Easy
32,Medium
33,Easy
34,Medium
35,Easy
36,Easy
37,Medium
38,Easy
39,Medium
40,Medium
41,Easy
42,Hard
43,Medium
44,Medium
45,Easy
46,Medium
47,Easy
48,Easy
49,Easy
50,Medium
51,Medium
52,Medium
53,Easy
54,Medium
55,Medium
56,Medium
57,Medium
58,Easy
59,Medium
60,Easy
61,Medium
62,Medium
63,Medium
64,Easy
65,Medium
66,Easy
67,Easy
68,Medium
69,Medium
70,Medium
71,Easy
72,Easy
73,Medium
74,Medium
75,Medium
76,Hard
77,Medium
78,Medium
79,Easy
80,Medium
81,Medium
82,Medium
83,Easy
84,Medium
85,Easy
86,Easy
87,Hard
88,Medium
89,Medium
90,Hard
91,Hard
92,Medium
93,Easy
94,Easy
95,Easy
96,Medium
97,Easy
98,Medium
99,Easy
100,Hard
101,Easy
102,Easy
103,Medium
104,Easy
105,Medium
106,Medium
107,Easy
108,Easy
109,Hard
110,Medium
111,Easy
112,Easy
113,Medium
114,Medium
115,Medium
116,Medium
117,Easy
118,Easy
119,Easy
120,Hard
121,Hard
122,Medium
123,Easy
124,Easy
125,Medium
126,Medium
127,Easy
128,Medium
129,Medium
130,Medium
131,Easy
132,Hard
133,Medium
134,Easy
135,Medium
136,Easy
137,Easy
138,Easy
139,Medium
140,Medium
141,Medium
142,Medium
143,Medium
144,Medium
145,Medium
146,Medium
147,Medium
148,Easy
149,Medium
150,Easy
151,Medium
152,Medium
153,Hard
154,Medium
155,Medium
156,Hard
157,Medium
158,Easy
159,Easy
160,Easy
161,Medium
162,Medium
163,Medium
164,Easy
165,Medium
166,Hard
167,Easy
168,Easy
169,Medium
170,Medium
171,Medium
172,Hard
173,Easy
174,Medium
175,Easy
176,Medium
177,Medium
178,Medium
179,Medium
180,Easy
181,Hard
182,Hard
183,Medium
184,Easy
185,Easy
186,Medium
187,Hard
188,Medium
189,Medium
190,Hard
191,Medium
192,Hard
193,Medium
194,Hard
195,Easy
196,Easy
197,Easy
198,Medium
199,Medium
200,Medium
201,Medium
202,Medium
203,Medium
204,Hard
205,Easy
206,Easy
207,Easy
208,Medium
209,Easy
210,Medium
211,Medium
212,Easy
213,Medium
214,Hard
215,Hard
216,Easy
217,Medium
218,Easy
219,Medium
220,Easy
221,Medium
222,Easy
223,Medium
224,Medium
225,Medium
226,Easy
227,Easy
228,Easy
229,Medium
230,Medium
231,Easy
232,Hard
233,Medium
234,Hard
235,Medium
236,Hard
237,Hard
238,Easy
239,Easy
240,Easy
241,Easy
242,Easy
243,Medium
244,Easy
245,Medium
246,Hard
247,Hard
251,Medium
253,Medium
254,Medium
256,Easy
257,Easy
258,Medium
259,Easy
260,Easy
261,Medium
262,Easy
263,Hard
264,Medium
265,Hard
266,Easy
267,Easy
268,Hard
269,Medium
270,Medium
271,Hard
272,Medium
273,Medium
274,Medium
275,Hard
276,Easy
277,Easy
278,Easy
279,Easy
280,Easy
281,Easy
282,Medium
283,Easy
284,Medium
285,Easy
286,Easy
287,Easy
288,Hard
289,Medium
290,Hard
291,Medium
292,Hard
293,Hard
294,Medium
295,Easy
296,Easy
297,Easy
298,Easy
299,Medium
300,Medium
301,Medium
302,Medium
303,Easy
304,Medium
305,Easy
306,Medium
307,Medium
308,Medium
309,Medium
310,Medium
311,Medium
312,Hard
313,Medium
314,Hard
315,Easy
316,Easy
317,Easy
318,Easy
319,Easy
320,Easy
321,Easy
322,Hard
323,Easy
324,Medium
325,Hard
326,Medium
327,Easy
328,Easy
329,Medium
330,Medium
331,Hard
332,Medium
333,Hard
334,Hard
335,Easy
336,Easy
337,Easy
338,Easy
339,Easy
340,Medium
341,Medium
342,Easy
343,Medium
344,Easy
345,Easy
346,Easy
347,Easy
348,Medium
349,Medium
350,Hard
351,Medium
352,Easy
353,Easy
354,Medium
355,Hard
356,Hard
357,Easy
358,Easy
359,Easy
360,Easy
361,Easy
362,Easy
363,Medium
364,Medium
365,Medium
366,Medium
367,Hard
368,Easy
369,Easy
370,Medium
371,Medium
372,Hard
373,Medium
374,Hard
375,Hard
376,Medium
377,Medium
378,Medium
379,Hard
380,Easy
381,Easy
382,Easy
383,Easy
384,Easy
385,Medium
386,Easy
387,Medium
388,Medium
389,Easy
390,Easy
391,Medium
392,Easy
393,Easy
394,Easy
395,Easy
396,Easy
397,Medium
398,Medium
399,Easy
400,Medium
401,Medium
402,Medium
403,Easy
404,Easy
405,Easy
406,Easy
407,Easy
408,Easy
409,Easy
410,Medium
411,Medium
412,Medium
413,Medium
414,Medium
415,Hard
416,Easy
417,Easy
418,Easy
419,Easy
420,Medium
421,Medium
422,Medium
423,Medium
424,Medium
425,Medium
426,Easy
427,Medium
428,Easy
429,Easy
430,Easy
431,Easy
432,Easy
433,Easy
434,Medium
435,Medium
436,Hard
437,Hard
438,Hard
439,Hard
440,Easy
441,Easy
442,Easy
443,Easy
444,Easy
445,Hard
446,Medium
447,Medium
448,Hard
449,Hard
450,Hard
451,Hard
453,Easy
454,Easy
455,Easy
456,Medium
457,Easy
458,Easy
459,Medium
460,Medium
461,Hard
462,Medium
463,Medium
464,Medium
500,Easy
501,Easy
502,Easy
503,Medium
504,Medium
505,Easy
506,Medium
507,Easy
508,Hard
509,Hard
510,Easy
511,Easy
512,Easy
513,Medium
514,Easy
515,Easy
516,Easy
517,Easy
518,Medium
519,Easy
520,Medium
521,Easy
522,Easy
523,Easy
524,Medium
525,Easy
526,Medium
527,Easy
528,Medium
529,Hard
530,Medium
531,Medium
532,Easy
533,Easy
534,Medium
535,Medium
536,Hard
537,Easy
538,Medium
539,Medium
540,Medium
541,Medium
542,Medium
543,Easy
544,Medium
545,Easy
546,Easy
547,Easy
548,Hard
549,Easy
550,Medium
551,Easy
552,Medium
553,Hard
554,Easy
555,Easy
556,Easy
557,Medium
558,Easy
559,Medium
560,Medium
561,Medium
562,Easy
563,Hard
564,Medium
565,Easy
566,Medium
567,Easy
568,Easy
569,Easy
570,Easy
571,Easy
572,Medium
573,Medium
574,Easy
575,Medium
576,Easy
577,Easy
578,Easy
579,Easy
580,Easy
581,Medium
582,Easy
583,Easy
584,Easy
585,Medium
586,Medium
587,Easy
588,Easy
589,Medium
590,Medium
591,Hard
592,Easy
593,Easy
594,Easy
595,Medium
596,Medium
597,Easy
598,Medium
599,Easy
600,Easy
601,Easy
602,Hard
603,Medium
604,Medium
605,Medium
606,Medium
607,Easy
608,Easy
609,Easy
610,Medium
611,Medium
612,Medium
613,Hard
614,Medium
615,Medium
616,Medium
617,Easy
618,Medium
619,Easy
620,Easy
621,Easy
622,Easy
623,Easy
624,Medium
625,Easy
626,Medium
627,Medium
628,Hard
629,Hard
630,Easy
631,Medium
632,Easy
633,Medium
634,Easy
635,Easy
636,Easy
637,Medium
638,Easy
639,Hard
640,Easy
641,Easy
642,Easy
643,Easy
644,Medium
645,Medium
646,Easy
647,Easy
648,Easy
649,Easy
650,Medium
651,Easy
652,Easy
653,Easy
654,Easy
655,Easy
656,Easy
657,Medium
658,Easy
659,Medium
660,Easy
661,Medium
662,Hard
663,Easy
664,Easy
665,Easy
666,Easy
667,Easy
668,Easy
669,Easy
670,Easy
671,Easy
672,Easy
673,Medium
674,Easy
675,Easy
676,Medium
1000,Medium
1001,Easy
1002,Hard
1003,Medium
1004,Easy
1005,Medium
1006,Medium
1007,Easy
1008,Medium
1009,Easy
1010,Medium
1011,Medium
1012,Hard
1013,Hard
1014,Medium
1015,Hard
1016,Easy
1017,Medium
1018,Medium
1019,Easy
1020,Medium
1021,Medium
1022,Hard
1023,Medium
1024,Medium
1025,Medium
1026,Medium
1027,Easy
1028,Medium
1029,Easy
1030,Medium
1031,Hard
1032,Hard
1033,Hard
1034,Medium
1035,Medium
1036,Medium
1037,Medium
1038,Hard
1039,Medium
1040,Medium
1041,Easy
1042,Medium
1043,Easy
1044,Medium
1045,Easy
1046,Easy
1047,Medium
1048,Hard
1049,Hard
1050,Medium
1051,Easy
1052,Easy
1053,Medium
1054,Medium
1055,Medium
1056,Hard
1057,Easy
1058,Hard
1059,Hard
1060,Hard
1062,Easy
1063,Easy
1064,Easy
1065,Medium
1066,Medium
1067,Medium
1068,Medium
1069,Medium
1070,Medium
1071,Hard
1072,Easy
1073,Hard
1074,Medium
1075,Medium
1076,Medium
1077,Easy
1078,Medium
1079,Medium
1080,Medium
1081,Medium
1082,Medium
1083,Hard
1084,Easy
1085,Easy
1086,Medium
1087,Hard
1088,Hard
1089,Medium
1090,Hard
1091,Easy
1092,Medium
1093,Medium
1094,Hard
1095,Medium
1100,Medium
1101,Medium
1102,Hard
1103,Medium
1104,Easy
1105,Medium
1106,Medium
1107,Easy
1108,Easy
1109,Medium
1110,Medium
1111,Medium
1112,Easy
1114,Easy
1115,Medium
1116,Medium
1117,Medium
1118,Medium
1119,Medium
1120,Medium
1121,Medium
1122,Hard
1124,Medium
1125,Medium
1126,Medium
1127,Medium
1128,Hard
1129,Easy
1130,Easy
1131,Medium
1132,Medium
1133,Medium
1134,Medium
1135,Easy
1136,Easy
1137,Medium
1138,Medium
1139,Hard
1140,Medium
1141,Easy
1142,Medium
1143,Medium
1144,Medium
1145,Medium
1146,Hard
1147,Easy
1148,Easy
1149,Easy
1150,Medium
1151,Hard
1152,Hard
1153,Easy
1154,Easy
1155,Easy
1156,Easy
1157,Medium
1158,Hard
1159,Easy
1160,Easy
1161,Hard
1162,Hard
1163,Medium
1164,Medium
1165,Easy
1166,Medium
1167,Medium
1168,Medium
1169,Hard
1170,Hard
1171,Medium
1172,Easy
1173,Easy
1174,Medium
1175,Medium
1176,Medium
1177,Hard
1178,Hard
1179,Easy
1180,Easy
1181,Easy
1182,Medium
1183,Medium
1184,Easy
1185,Medium
1186,Easy
1187,Medium
1188,Medium
1189,Medium
1190,Medium
1191,Hard
1192,Easy
1193,Easy
1194,Medium
1195,Medium
1196,Easy
1197,Hard
1198,Medium
1200,Easy
1201,Hard
1202,Medium
1203,Medium
1204,Medium
1205,Hard
1206,Hard
1207,Hard
1208,Medium
1209,Medium
1210,Medium
1211,Medium
1212,Medium
1213,Medium
1214,Medium
1215,Easy
1216,Hard
1217,Easy
1218,Hard
1219,Medium
1220,Hard
1221,Medium
1222,Hard
1224,Easy
1225,Easy
1226,Hard
1227,Medium
1228,Hard
1229,Medium
1230,Medium
1231,Medium
1232,Medium
1233,Hard
1234,Medium
1235,Medium
1236,Easy
1237,Medium
1238,Medium
1239,Medium
1240,Easy
1241,Easy
1242,Medium
1243,Medium
1244,Medium
1245,Medium
1246,Easy
1247,Hard
1248,Easy
1249,Medium
1250,Medium
1251,Medium
1252,Medium
1253,Hard
1254,Medium
1255,Medium
1256,Hard
1257,Medium
1258,Medium
1259,Easy
1260,Medium
1261,Medium
1262,Medium
1263,Hard
1264,Hard
1265,Hard
1266,Easy
1267,Medium
1268,Hard
1269,Hard
1270,Hard
1271,Medium
1272,Hard
1273,Medium
1274,Hard
1275,Easy
1276,Medium
1277,Medium
1278,Hard
1279,Medium
1280,Hard
1281,Hard
1282,Medium
1283,Hard
1284,Medium
1285,Medium
1286,Medium
1287,Medium
1288,Easy
1289,Medium
1290,Medium
1291,Medium
1292,Easy
1293,Medium
1294,Medium
1295,Medium
1296,Hard
1297,Medium
1298,Medium
1299,Medium
1300,Easy
1301,Medium
1302,Medium
1303,Medium
1304,Easy
1305,Easy
1306,Medium
1307,Medium
1308,Medium
1309,Medium
1310,Medium
1311,Medium
1312,Medium
1313,Easy
1314,Medium
1315,Easy
1316,Easy
1317,Hard
1318,Medium
1319,Medium
1320,Medium
1321,Medium
1322,Medium
1323,Medium
1324,Medium
1325,Medium
1326,Medium
1327,Hard
1328,Medium
1329,Medium
1330,Easy
1331,Medium
1332,Hard
1333,Easy
1334,Medium
1335,Medium
1336,Medium
1337,Easy
1338,Medium
1339,Medium
1340,Hard
1341,Hard
1342,Easy
1343,Medium
1344,Hard
1345,Easy
1346,Easy
1347,Medium
1348,Medium
1349,Hard
1350,Medium
1351,Medium
1352,Medium
1353,Medium
1354,Hard
1355,Hard
1356,Hard
1357,Hard
1358,Hard
1359,Hard
1360,Medium
1361,Medium
1362,Hard
1363,Hard
1364,Easy
1365,Easy
1366,Medium
1367,Medium
1368,Medium
1369,Medium
1370,Hard
1371,Medium
1372,Hard
1373,Hard
1374,Hard
1375,Easy
1376,Medium
1377,Hard
1378,Easy
1379,Easy
1380,Medium
1381,Medium
1382,Medium
1383,Medium
1384,Medium
1385,Medium
1386,Easy
1387,Medium
1388,Medium
1389,Medium
1390,Medium
1391,Easy
1392,Medium
1393,Hard
1394,Hard
1395,Medium
1396,Medium
1397,Hard
1398,Medium
1399,Medium
1400,Medium
1401,Medium
1402,Easy
1403,Hard
1404,Medium
1405,Hard
1406,Medium
1407,Medium
1408,Medium
1409,Medium
1410,Medium
1417,Easy
1500,Easy
1501,Easy
1502,Easy
1503,Medium
1504,Medium
1505,Medium
1506,Medium
1507,Medium
1508,Hard
1509,Medium
1510,Medium
1511,Easy
1512,Hard
1513,Medium
1514,Medium
1515,Medium
1516,Easy
1517,Easy
1518,Medium
1519,Medium
1520,Medium
1521,Easy
1522,Hard
1523,Hard
1524,Medium
1525,Medium
1526,Easy
1527,Easy
1528,Easy
1529,Medium
1530,Medium
1531,Medium
1532,Medium
1533,Medium
1534,Medium
1535,Easy
1536,Medium
1537,Hard
1541,Hard
1542,Medium
1543,Easy
1544,Medium
1545,Medium
1546,Medium
1547,Hard
1548,Hard
1549,Hard
1550,Hard
1551,Medium
1552,Easy
1553,Medium
1554,Medium
1555,Easy
1556,Medium
1557,Hard
1558,Hard
1559,Easy
1560,Easy
1561,Medium
1562,Easy
1563,Easy
1564,Medium
1565,Medium
1566,Easy
1567,Hard
1568,Medium
1569,Medium
1570,Medium
1571,Medium
1574,Medium
1575,Easy
1576,Medium
1577,Medium
1578,Medium
1579,Easy
1580,Medium
1581,Medium
1582,Hard
1583,Hard
1584,Hard
1585,Hard
1587,Easy
1588,Easy
1589,Easy
1590,Medium
1591,Easy
1592,Hard
1593,Easy
1594,Hard
1595,Easy
1596,Easy
1597,Hard
1598,Hard
1599,Hard
1600,Easy
1601,Medium
1602,Easy
1603,Medium
1604,Medium
1605,Medium
1606,Medium
1607,Medium
1608,Easy
1609,Easy
1610,Easy
1611,Easy
1612,Hard
1613,Hard
1614,Hard
1615,Hard
1616,Easy
1617,Easy
1618,Medium
1619,Medium
1620,Medium
1621,Easy
1622,Medium
1623,Medium
1624,Easy
1625,Medium
1626,Medium
1627,Medium
1628,Medium
1629,Medium
1630,Hard
1631,Hard
1632,Easy
1633,Easy
1634,Hard
1635,Medium
1636,Easy
1637,Medium
1639,Easy
1640,Easy
1641,Easy
1642,Medium
1643,Medium
1644,Medium
1645,Hard
1647,Medium
2000,Easy
2001,Medium
2002,Medium
2003,Medium
2004,Hard
2005,Medium
2006,Easy
2007,Medium
2008,Hard
2009,Medium
2010,Medium
2011,Medium
2012,Easy
2013,Easy
2014,Medium
2015,Easy
2016,Hard
2017,Medium
2018,Easy
2019,Easy
2020,Hard
2021,Medium
2022,Hard
2023,Hard
2024,Hard
2025,Medium
2026,Hard
2027,Medium
2028,Medium
2029,Hard
2030,Medium
2031,Medium
2032,Medium
2033,Hard
2034,Hard
2035,Medium
2036,Hard
2038,Hard
2039,Medium
2040,Easy
2041,Medium
2042,Medium
2043,Easy
2044,Medium
2045,Easy
2046,Medium
2048,Medium
2049,Hard
2050,Medium
2051,Medium
2052,Medium
2053,Hard
2054,Medium
2055,Hard
2056,Hard
2057,Hard
2058,Medium
2059,Medium
2060,Hard
2061,Medium
2062,Easy
2063,Easy
2064,Medium
2065,Medium
2066,Medium
2067,Medium
2068,Hard
2069,Medium
2070,Hard
2071,Medium
2073,Hard
2075,Medium
2076,Medium
2078,Hard
2079,Medium
2080,Medium
2081,Hard
2082,Medium
2083,Hard
2084,Hard
2085,Medium
2086,Medium
2087,Hard
2088,Hard
2089,Medium
2090,Easy
2091,Medium
2092,Hard
2093,Hard
2094,Hard
2095,Hard
2096,Medium
2097,Medium
2098,Hard
2099,Hard
2100,Easy
2101,Easy
2102,Easy
2103,Medium
2104,Easy
2105,Hard
2106,Medium
2107,Medium
2108,Hard
2109,Hard
2110,Medium
2113,Hard
2114,Hard
2115,Medium
2116,Hard
2117,Medium
2118,Hard
2119,Medium
2121,Hard
2122,Hard
2123,Medium
2124,Medium
2125,Hard
2126,Hard
2127,Medium
2129,Medium
2130,Medium
2131,Hard
2132,Medium
2133,Hard
2134,Easy
2135,Medium
2136,Hard
2137,Hard
2138,Hard
2139,Easy
2141,Hard
2142,Medium
2143,Hard
2144,Hard
2145,Medium
2146,Hard
2149,Easy
2150,Medium
2151,Medium
2152,Medium
2153,Hard
2154,Hard
2155,Easy
2156,Easy
2157,Medium
2158,Hard
2159,Hard
2160,Medium
2161,Medium
2162,Medium
2163,Medium
2164,Medium
2165,Medium
2166,Medium
2167,Hard
2168,Hard
2169,Medium
2170,Hard
2171,Medium
2172,Medium
2173,Medium
2174,Hard
2175,Easy
2176,Easy
2177,Easy
2178,Easy
2179,Medium
2180,Medium
2181,Medium
2182,Easy
2183,Hard
2184,Hard
2185,Medium
2186,Easy
2187,Easy
2188,Easy
2189,Medium
2190,Hard
2191,Medium
2192,Medium
2193,Hard
2194,Hard
2195,Medium
2197,Medium
2198,Easy
2199,Easy
2200,Easy
2201,Hard
2202,Medium
2203,Hard
2204,Easy
2205,Medium
2206,Easy
2207,Hard
2208,Hard
2209,Medium
2210,Hard
2211,Hard
2212,Medium
2213,Hard
2214,Medium
2215,Hard
2216,Medium
2217,Easy
2218,Medium
2219,Medium
2220,Hard
2221,Medium
2222,Medium
2223,Medium
2224,Easy
2225,Easy
2226,Easy
2227,Hard
2228,Medium
2229,Easy
2230,Medium
2231,Medium
2232,Medium
2233,Medium
2234,Hard
2235,Hard
2236,Hard
2237,Medium
2238,Medium
2239,Hard
2240,Hard
2241,Medium
2242,Easy
2243,Medium
2244,Medium
2245,Medium
2246,Hard
2247,Easy
2248,Hard
2249,Easy
2250,Medium
2251,Easy
2252,Easy
2253,Easy
2254,Easy
2255,Easy
2256,Easy
2257,Medium
2258,Hard
2259,Easy
2260,Easy
2261,Easy
2262,Easy
2263,Medium
2264,Medium
2265,Hard
2266,Medium
2267,Hard
2268,Medium
2269,Medium
2270,Medium
2271,Medium
2272,Easy
2273,Medium
2274,Medium
2275,Hard
2276,Hard
2277,Hard
2278,Medium
2279,Hard
2280,Hard
2281,Medium
2282,Medium
2283,Medium
2284,Medium
2285,Hard
2286,Medium
2287,Medium
2288,Medium
2289,Hard
2290,Hard
2291,Medium
2292,Medium
2293,Medium
2294,Hard
2295,Medium
2296,Medium
2297,Medium
2298,Medium
2299,Medium
2300,Medium
2301,Medium
2302,Medium
2303,Medium
2304,Medium
2305,Medium
2306,Medium
2307,Medium
2308,Medium
2309,Medium
2310,Medium
2311,Medium
2312,Medium
2313,Medium
2314,Hard
2315,Medium
2316,Medium
2317,Medium
2318,Medium
2319,Hard
2320,Easy
2321,Hard
2322,Medium
2323,Easy
2324,Hard
2325,Hard
2326,Medium
2327,Medium
2328,Easy
2329,Hard
2330,Medium
2331,Medium
2332,Medium
2333,Medium
2334,Easy
2335,Medium
2336,Easy
2337,Medium
2338,Hard
2339,Medium
2340,Easy
2341,Medium
2342,Medium
2343,Medium
2344,Easy
2345,Hard
2346,Medium
2347,Medium
2348,Hard
2349,Hard
2350,Medium
2351,Medium
2352,Medium
2353,Hard
2354,Medium
2355,Easy
2356,Easy
2357,Medium
2358,Hard
2359,Medium
2360,Medium
2361,Medium
2362,Hard
2363,Medium
2364,Medium
2365,Hard
2366,Hard
2367,Hard
2368,Hard
2369,Easy
2370,Hard
2371,Medium
2372,Hard
2373,Hard
2374,Medium
2375,Hard
2376,Medium
2377,Hard
2378,Hard
2379,Easy
2380,Medium
2382,Easy
2383,Easy
2384,Hard
2385,Hard
2386,Hard
2387,Hard
2389,Hard
2390,Easy
2391,Hard
2392,Hard
2393,Hard
2394,Hard
2395,Hard
2396,Hard
2397,Medium
2398,Hard
2399,Medium
2400,Easy
2401,Easy
2402,Easy
2403,Hard
2404,Hard
2405,Medium
2406,Easy
2407,Easy
2408,Medium
2409,Medium
2410,Hard
2411,Medium
2412,Medium
2413,Hard
2414,Hard
2415,Hard
2416,Hard
2417,Easy
2418,Easy
2419,Medium
2420,Easy
2421,Hard
2422,Easy
2423,Medium
2424,Medium
2425,Medium
2426,Hard
2427,Hard
2428,Medium
2429,Hard
2430,Medium
2431,Medium
2432,Hard
2433,Hard
2434,Easy
2435,Hard
2436,Hard
2437,Hard
2438,Medium
2439,Medium
2440,Easy
2441,Medium
2442,Medium
2443,Hard
2444,Hard
2445,Hard
2446,Hard
2447,Medium
2448,Medium
2449,Medium
2450,Medium
2451,Hard
2452,Hard
2453,Hard
2454,Hard
2455,Hard
2456,Easy
2457,Hard
2458,Hard
2459,Medium
2460,Medium
2461,Easy
2462,Hard
2464,Medium
2465,Easy
2466,Medium
2468,Easy
2469,Easy
2470,Medium
2471,Easy
2472,Easy
2473,Hard
2474,Medium
2475,Easy
2476,Easy
2478,Easy
2479,Medium
2480,Easy
2481,Medium
2482,Medium
2483,Medium
2484,Hard
2485,Medium
2486,Hard
2487,Medium
2488,Medium
2489,Easy
2490,Medium
2491,Hard
2492,Medium
2493,Hard
2494,Medium
2495,Hard
2496,Medium
2497,Easy
2498,Medium
2500,Medium
2501,Easy
2502,Easy
2503,Easy
2504,Medium
2505,Medium
2506,Hard
2507,Easy
2508,Easy
2509,Medium
2510,Medium
2511,Medium
2512,Medium
2513,Hard
2514,Hard
2515,Easy
2516,Hard
2517,Medium
2518,Medium
2519,Easy
2520,Medium
2521,Medium
2522,Easy
2523,Easy
2524,Easy
2525,Easy
2526,Hard
2527,Medium
2528,Easy
2529,Hard
2530,Easy
2531,Hard
2532,Hard
2533,Medium
2534,Easy
2535,Easy
2536,Medium
2537,Easy
2538,Medium
2539,Easy
2540,Medium
2541,Medium
2542,Medium
2543,Hard
2544,Easy
2545,Medium
2546,Easy
2547,Medium
2548,Hard
2549,Hard
2550,Medium
2551,Medium
2554,Medium
2555,Medium
2556,Medium
2557,Medium
2558,Medium
2559,Medium
2560,Medium
2561,Easy
2562,Medium
2563,Hard
2564,Medium
2565,Easy
2566,Medium
2567,Easy
2568,Medium
2569,Hard
2570,Easy
2571,Medium
2572,Hard
2573,Medium
2574,Hard
2575,Easy
2576,Easy
2577,Easy
2578,Medium
2579,Medium
2580,Medium
2581,Medium
2582,Medium
2583,Medium
2584,Medium
2585,Medium
2586,Easy
2587,Hard
2588,Hard
2589,Easy
2590,Easy
2591,Easy
2592,Medium
2593,Hard
2594,Medium
2595,Medium
2596,Hard
2597,Hard
2598,Medium
2599,Medium
2600,Medium
2601,Medium
2602,Hard
2603,Hard
2604,Medium
2605,Medium
2606,Easy
2607,Medium
2608,Medium
2609,Medium
2610,Easy
2611,Medium
2612,Hard
2613,Medium
2614,Medium
2615,Easy
2616,Hard
2617,Hard
2618,Hard
2619,Medium
2620,Medium
2621,Medium
2622,Hard
2623,Medium
2624,Medium
2625,Medium
2626,Hard
2627,Hard
2628,Hard
2629,Medium
2630,Medium
2631,Hard
2632,Hard
2633,Hard
2634,Hard
2635,Medium
2636,Easy
2637,Medium
2638,Medium
2639,Easy
2640,Medium
2641,Medium
2642,Medium
2643,Medium
2644,Medium
2646,Hard
2647,Hard
2648,Hard
2656,Easy
2657,Easy
2658,Easy
2659,Hard
2660,Hard
2661,Medium
2662,Easy
2663,Easy
2664,Medium
2665,Easy
2666,Medium
2667,Medium
2668,Hard
2669,Easy
2670,Easy
2671,Easy
2672,Medium
2673,Medium
2674,Hard
2675,Medium
2676,Easy
2677,Medium
2678,Medium
2679,Medium
2680,Medium
2681,Easy
2682,Hard
2684,Medium
2685,Easy
2686,Hard
2687,Medium
2688,Hard
2689,Medium
2690,Medium
2691,Hard
2692,Medium
2693,Medium
2694,Easy
2695,Hard
2696,Medium
2697,Easy
2698,Medium
2699,Easy
2700,Easy
2701,Medium
2702,Medium
2703,Medium
2704,Medium
2705,Medium
2706,Medium
2707,Medium
2708,Medium
2709,Medium
2710,Medium
2711,Hard
2712,Easy
2713,Medium
2714,Hard
2716,Hard
2717,Medium
2718,Medium
2720,Hard
2722,Medium
2723,Easy
2724,Medium
2725,Hard
2726,Hard
2727,Medium
2728,Medium
2729,Medium
2730,Medium
2731,Easy
2732,Medium
2733,Medium
2734,Medium
2735,Medium
2736,Medium
2737,Hard
2738,Easy
2739,Medium
2740,Easy
2741,Easy
2742,Hard
2743,Medium
2744,Hard
2745,Easy
2746,Easy
2747,Medium
2748,Hard
2749,Medium
2750,Medium
2751,Medium
2752,Medium
2753,Easy
2754,Hard
2755,Medium
2756,Hard
2757,Medium
2758,Easy
2759,Easy
2760,Medium
2761,Medium
2762,Medium
2763,Medium
2764,Easy
2765,Easy
2766,Easy
2767,Easy
2768,Medium
2769,Medium
2770,Hard
2771,Medium
2772,Medium
2773,Easy
2774,Medium
2775,Hard
2776,Easy
2777,Hard
2778,Medium
2779,Hard
2780,Easy
2781,Easy
2782,Easy
2783,Easy
2784,Easy
2785,Medium
2786,Medium
2787,Easy
2788,Medium
2789,Easy
2790,Medium
2791,Medium
2792,Medium
2793,Medium
2794,Medium
2795,Easy
2796,Hard
2797,Hard
2798,Easy
2799,Medium
2800,Medium
2801,Easy
2802,Hard
2803,Hard
2804,Medium
2805,Medium
2806,Medium
2807,Medium
2808,Medium
2809,Hard
2810,Hard
2811,Medium
2812,Medium
2813,Medium
2814,Hard
2815,Easy
2816,Easy
2817,Easy
2818,Easy
2819,Easy
2820,Medium
2821,Medium
2822,Hard
2823,Easy
2824,Medium
2825,Hard
2826,Medium
2827,Easy
2828,Medium
2829,Medium
2830,Medium
2831,Easy
2832,Easy
2833,Easy
2834,Medium
2835,Hard
2836,Hard
2837,Easy
2838,Easy
2839,Medium
2840,Easy
2841,Easy
2842,Hard
2843,Medium
2844,Hard
2845,Medium
2846,Medium
2847,Medium
2848,Medium
2849,Medium
2850,Medium
2851,Medium
2852,Easy
2853,Hard
2854,Hard
2855,Medium
2856,Hard
2857,Medium
2858,Medium
2859,Medium
2860,Hard
2861,Medium
2862,Medium
2863,Hard
2864,Medium
2865,Easy
2866,Medium
2867,Easy
2868,Medium
2869,Medium
2870,Easy
2871,Medium
2872,Medium
2873,Hard
2874,Medium
2875,Easy
2876,Easy
2877,Easy
2878,Easy
2879,Easy
2880,Medium
2881,Easy
2882,Easy
2883,Medium
2884,Medium
2885,Easy
2886,Easy
2887,Medium
2889,Medium
2890,Medium
2891,Medium
2892,Medium
2893,Medium
2894,Easy
2895,Medium
2896,Easy
2897,Easy
2898,Medium
2899,Easy
2900,Medium
2901,Medium
2902,Medium
2903,Hard
2904,Easy
2905,Easy
2906,Medium
2907,Easy
2908,Easy
2909,Medium
2910,Hard
2911,Hard
2912,Medium
2913,Medium
2914,Medium
2915,Easy
2916,Easy
2917,Easy
2918,Medium
2919,Easy
2920,Easy
2921,Easy
2922,Easy
2923,Medium
2924,Easy
2925,Easy
2926,Easy
2927,Medium
2928,Medium
2929,Medium
2930,Easy
2931,Easy
2932,Easy
2933,Easy
2934,Hard
2935,Medium
2936,Medium
2937,Easy
2938,Easy
2939,Medium
2940,Easy
2941,Medium
2942,Medium
2943,Medium
2944,Easy
2945,Easy
2946,Easy
2947,Medium
2948,Medium
2949,Hard
2950,Hard
2951,Hard
2952,Medium
2953,Easy
2954,Medium
2955,Easy
2956,Easy
2957,Easy
2958,Medium
2959,Medium
2960,Easy
2961,Easy
2962,Medium
2963,Medium
2964,Medium
2965,Medium
2966,Hard
2967,Easy
2968,Easy
2969,Easy
2970,Medium
2971,Easy
2972,Medium
2973,Medium
2974,Hard
2975,Hard
2976,Medium
2977,Medium
2978,Easy
2979,Hard
2980,Medium
2981,Easy
2982,Medium
2983,Hard
2984,Easy
2985,Medium
2986,Medium
2987,Medium
2988,Easy
2989,Easy
2990,Medium
2991,Medium
2992,Easy
2993,Medium
2994,Medium
2995,Medium
2996,Hard
2997,Medium
3000,Easy
3001,Medium
3002,Medium
3003,Hard
3004,Easy
3005,Easy
3006,Easy
3007,Medium
3008,Hard
3009,Medium
3010,Medium
3011,Medium
3012,Hard
3013,Easy
3014,Hard
3015,Easy
3016,Easy
3017,Easy
3018,Easy
3019,Hard
3020,Medium
3021,Medium
3022,Medium
3023,Easy
3024,Hard
3025,Hard
3026,Easy
3027,Medium
3028,Medium
3029,Medium
3030,Medium
3031,Easy
3032,Medium
3033,Medium
3034,Easy
3035,Hard
3036,Medium
3037,Hard
3038,Medium
3039,Medium
3040,Medium
3041,Medium
3042,Medium
3043,Medium
3044,Easy
3045,Easy
3046,Medium
3047,Medium
3048,Easy
3049,Medium
3050,Hard
3051,Easy
3052,Easy
3053,Medium
3054,Easy
3055,Easy
3056,Medium
3057,Easy
3058,Medium
3059,Hard
3060,Medium
3061,Easy
3062,Hard
3063,Medium
3064,Easy
3065,Medium
3066,Easy
3068,Medium
3069,Medium
3070,Easy
3071,Easy
3072,Easy
3073,Easy
3075,Easy
3076,Medium
3077,Medium
3078,Medium
3079,Medium
3080,Medium
3081,Medium
3083,Easy
3084,Hard
3085,Easy
3086,Medium
3087,Hard
3088,Hard
3089,Easy
3100,Medium
3101,Medium
3102,Medium
3103,Medium
3104,Medium
3105,Hard
3106,Medium
3107,Medium
3108,Medium
3109,Easy
3110,Easy
3111,Medium
3112,Easy
3113,Medium
3114,Easy
3115,Easy
3116,Easy
3117,Medium
3118,Hard
3119,Medium
3120,Hard
3121,Medium
3122,Easy
3123,Easy
3124,Easy
3125,Easy
3126,Medium
3127,Easy
3128,Easy
3129,Medium
3130,Easy
3131,Easy
3132,Medium
3133,Easy
3134,Medium
3135,Medium
3136,Medium
3137,Easy
3138,Easy
3139,Hard
3140,Easy
3141,Easy
3142,Medium
3143,Hard
3144,Hard
3145,Easy
3146,Easy
3147,Medium
3148,Medium
3149,Medium
3150,Medium
3151,Easy
3152,Easy
3153,Easy
3154,Medium
3155,Medium
3156,Medium
3157,Easy
3158,Hard
3159,Easy
3160,Medium
3161,Medium
3162,Medium
3163,Medium
3164,Easy
3165,Medium
3166,Easy
3167,Medium
3168,Medium
3169,Easy
3170,Hard
3171,Hard
3172,Medium
3173,Medium
3174,Medium
3175,Hard
3176,Hard
3177,Hard
3178,Medium
3179,Hard
3180,Medium
3181,Medium
3182,Hard
3183,Medium
3184,Hard
3185,Easy
3186,Medium
3187,Easy
3188,Medium
3189,Medium
3190,Medium
3191,Hard
3192,Medium
3193,Easy
3194,Medium
3195,Easy
3196,Medium
3197,Medium
3198,Medium
3199,Medium
3200,Hard
3201,Medium
3202,Medium
3203,Medium
3204,Medium
3205,Hard
3206,Hard
3207,Medium
3208,Hard
3209,Medium
3210,Easy
3211,Easy
3212,Medium
3213,Hard
3214,Hard
3215,Medium
3216,Hard
3217,Medium
3218,Easy
3223,Hard
3229,Easy
3230,Hard
3231,Hard
3232,Hard
3233,Medium
3234,Medium
3235,Medium
3236,Hard
3237,Hard
3238,Easy
3239,Easy
3240,Easy
3241,Medium
3242,Medium
3243,Medium
3244,Hard
3245,Hard
3500,Easy
3501,Easy
3502,Easy
3504,Easy
3505,Easy
3506,Medium
3509,Medium
3510,Medium
3511,Medium
3512,Medium
3513,Medium
3514,Easy
3515,Medium
3516,Medium
3517,Medium
3518,Hard
3519,Hard
3520,Medium
3521,Hard
9900,Easy
9910,Hard
9912,Hard
9913,Hard
9915,Hard
10000,Easy
10001,Easy
10002,Easy
10003,Easy
10004,Easy
10005,Easy
10006,Easy
10007,Easy
10008,Easy
10009,Easy
10010,Easy
10011,Easy
10012,Easy
10013,Easy
10014,Easy
10015,Easy
10016,Easy
10017,Easy
10018,Easy
10019,Easy
10020,Easy
10021,Easy
10022,Medium
10023,Easy
10024,Easy
10025,Easy
10026,Easy
10027,Easy
10028,Easy
10029,Easy
10030,Easy
10031,Easy
10032,Easy
10033,Easy
ALDS1_10_A,Easy
ALDS1_10_B,Easy
ALDS1_10_C,Easy
ALDS1_10_D,Medium
ALDS1_11_A,Easy
ALDS1_11_B,Easy
ALDS1_11_C,Easy
ALDS1_11_D,Easy
ALDS1_12_A,Easy
ALDS1_12_B,Easy
ALDS1_12_C,Medium
ALDS1_13_A,Easy
ALDS1_13_B,Easy
ALDS1_13_C,Hard
ALDS1_14_A,Medium
ALDS1_14_B,Medium
ALDS1_14_C,Medium
ALDS1_14_D,Hard
ALDS1_15_A,Easy
ALDS1_15_B,Medium
ALDS1_15_C,Easy
ALDS1_15_D,Medium
ALDS1_1_A,Easy
ALDS1_1_B,Easy
ALDS1_1_C,Easy
ALDS1_1_D,Easy
ALDS1_2_A,Easy
ALDS1_2_B,Easy
ALDS1_2_C,Easy
ALDS1_2_D,Easy
ALDS1_3_A,Easy
ALDS1_3_B,Easy
ALDS1_3_C,Easy
ALDS1_3_D,Easy
ALDS1_4_A,Easy
ALDS1_4_B,Easy
ALDS1_4_C,Easy
ALDS1_4_D,Easy
ALDS1_5_A,Easy
ALDS1_5_B,Easy
ALDS1_5_C,Easy
ALDS1_5_D,Easy
ALDS1_6_A,Easy
ALDS1_6_B,Easy
ALDS1_6_C,Easy
ALDS1_6_D,Easy
ALDS1_7_A,Easy
ALDS1_7_B,Easy
ALDS1_7_C,Easy
ALDS1_7_D,Easy
ALDS1_8_A,Easy
ALDS1_8_B,Easy
ALDS1_8_C,Easy
ALDS1_8_D,Easy
ALDS1_9_A,Easy
ALDS1_9_B,Easy
ALDS1_9_C,Easy
ALDS1_9_D,Medium
CGL_1_A,Easy
CGL_1_B,Easy
CGL_1_C,Medium
CGL_2_A,Easy
CGL_2_B,Medium
CGL_2_C,Easy
CGL_2_D,Medium
CGL_3_A,Easy
CGL_3_B,Medium
CGL_3_C,Easy
CGL_4_A,Medium
CGL_4_B,Easy
CGL_4_C,Medium
CGL_5_A,Medium
CGL_6_A,Medium
CGL_7_A,Easy
CGL_7_B,Easy
CGL_7_C,Medium
CGL_7_D,Easy
CGL_7_E,Easy
CGL_7_F,Medium
CGL_7_G,Medium
CGL_7_H,Hard
CGL_7_I,Easy
DPL_1_A,Easy
DPL_1_B,Medium
DPL_1_C,Easy
DPL_1_D,Medium
DPL_1_E,Easy
DPL_1_F,Medium
DPL_1_G,Medium
DPL_1_H,Medium
DPL_1_I,Hard
DPL_2_A,Medium
DPL_2_B,Medium
DPL_2_C,Hard
DPL_3_A,Easy
DPL_3_B,Easy
DPL_3_C,Medium
DPL_4_A,Easy
DPL_4_B,Easy
DPL_5_A,Easy
DPL_5_B,Medium
DPL_5_C,Medium
DPL_5_D,Medium
DPL_5_E,Hard
DPL_5_F,Hard
DPL_5_G,Hard
DPL_5_H,Medium
DPL_5_I,Medium
DPL_5_J,Hard
DPL_5_K,Medium
DPL_5_L,Medium
DSL_1_A,Easy
DSL_1_B,Easy
DSL_2_A,Medium
DSL_2_B,Medium
DSL_2_C,Hard
DSL_2_D,Hard
DSL_2_E,Hard
DSL_2_F,Hard
DSL_2_G,Hard
DSL_2_H,Medium
DSL_2_I,Medium
DSL_3_A,Easy
DSL_3_B,Easy
DSL_3_C,Hard
DSL_3_D,Easy
DSL_4_A,Easy
DSL_5_A,Medium
DSL_5_B,Easy
GRL_1_A,Medium
GRL_1_B,Medium
GRL_1_C,Easy
GRL_2_A,Easy
GRL_2_B,Hard
GRL_3_A,Easy
GRL_3_B,Hard
GRL_3_C,Medium
GRL_4_A,Easy
GRL_4_B,Medium
GRL_5_A,Medium
GRL_5_B,Hard
GRL_5_C,Hard
GRL_5_D,Medium
GRL_5_E,Hard
GRL_6_A,Medium
GRL_6_B,Medium
GRL_7_A,Medium
ITP1_10_A,Easy
ITP1_10_B,Easy
ITP1_10_C,Easy
ITP1_10_D,Easy
ITP1_11_A,Easy
ITP1_11_B,Easy
ITP1_11_C,Easy
ITP1_11_D,Easy
ITP1_1_A,Easy
ITP1_1_B,Easy
ITP1_1_C,Easy
ITP1_1_D,Easy
ITP1_2_A,Easy
ITP1_2_B,Easy
ITP1_2_C,Easy
ITP1_2_D,Easy
ITP1_3_A,Easy
ITP1_3_B,Easy
ITP1_3_C,Easy
ITP1_3_D,Easy
ITP1_4_A,Easy
ITP1_4_B,Easy
ITP1_4_C,Easy
ITP1_4_D,Easy
ITP1_5_A,Easy
ITP1_5_B,Easy
ITP1_5_C,Easy
ITP1_5_D,Easy
ITP1_6_A,Easy
ITP1_6_B,Easy
ITP1_6_C,Easy
ITP1_6_D,Easy
ITP1_7_A,Easy
ITP1_7_B,Easy
ITP1_7_C,Easy
ITP1_7_D,Easy
ITP1_8_A,Easy
ITP1_8_B,Easy
ITP1_8_C,Easy
ITP1_8_D,Easy
ITP1_9_A,Easy
ITP1_9_B,Easy
ITP1_9_C,Easy
ITP1_9_D,Easy
ITP2_10_A,Easy
ITP2_10_B,Easy
ITP2_10_C,Easy
ITP2_10_D,Easy
ITP2_11_A,Easy
ITP2_11_B,Easy
ITP2_11_C,Easy
ITP2_11_D,Medium
ITP2_1_A,Easy
ITP2_1_B,Easy
ITP2_1_C,Easy
ITP2_1_D,Easy
ITP2_2_A,Medium
ITP2_2_B,Medium
ITP2_2_C,Medium
ITP2_2_D,Medium
ITP2_3_A,Easy
ITP2_3_B,Easy
ITP2_3_C,Easy
ITP2_3_D,Easy
ITP2_4_A,Easy
ITP2_4_B,Easy
ITP2_4_C,Easy
ITP2_4_D,Medium
ITP2_5_A,Easy
ITP2_5_B,Medium
ITP2_5_C,Easy
ITP2_5_D,Easy
ITP2_6_A,Easy
ITP2_6_B,Easy
ITP2_6_C,Easy
ITP2_6_D,Easy
ITP2_7_A,Easy
ITP2_7_B,Medium
ITP2_7_C,Easy
ITP2_7_D,Easy
ITP2_8_A,Medium
ITP2_8_B,Easy
ITP2_8_C,Medium
ITP2_8_D,Easy
ITP2_9_A,Easy
ITP2_9_B,Easy
ITP2_9_C,Easy
ITP2_9_D,Easy
NTL_1_A,Easy
NTL_1_B,Medium
NTL_1_C,Easy
NTL_1_D,Medium
NTL_1_E,Easy
NTL_2_A,Medium
NTL_2_B,Medium
NTL_2_C,Medium
NTL_2_D,Medium
NTL_2_E,Medium
NTL_2_F,Medium
